time,air_temperature,wind_speed,wind_gust,humidity,precip_min,precip_max,precip,precip_symbols,wind_direction_deg,period,wind_direction,date,method
2026-09-27T00:00:00+03:00,12.5,2.8,5.9,97.2,0.0,0.0,0.0,fair_night,225.0,night,SW,2026-09-27,actual
2026-09-27T01:00:00+03:00,12.2,3.1,6.5,97.3,0.0,0.0,0.0,fair_night,225.0,night,SW,2026-09-27,actual
2026-09-27T02:00:00+03:00,12.0,3.0,6.7,97.5,0.0,0.0,0.0,fair_night,232.0,night,SW,2026-09-27,actual
2026-09-27T03:00:00+03:00,11.6,2.7,6.2,98.0,0.0,0.0,0.0,clearsky_night,237.0,night,SW,2026-09-27,actual
2026-09-27T04:00:00+03:00,11.2,2.4,5.6,98.4,0.0,0.0,0.0,partlycloudy_night,241.0,night,SW,2026-09-27,actual
2026-09-27T05:00:00+03:00,11.3,2.2,4.8,98.2,0.0,0.0,0.0,cloudy,254.0,night,W,2026-09-27,actual
2026-09-27T06:00:00+03:00,11.4,2.3,4.8,97.6,0.0,0.0,0.0,cloudy,258.0,night,W,2026-09-27,actual
2026-09-27T07:00:00+03:00,11.2,2.4,4.9,96.5,0.0,0.0,0.0,cloudy,257.0,day,W,2026-09-27,actual
2026-09-27T08:00:00+03:00,11.1,2.2,5.0,96.6,0.0,0.0,0.0,cloudy,260.0,day,W,2026-09-27,actual
2026-09-27T09:00:00+03:00,11.6,2.1,4.6,94.1,0.0,0.0,0.0,partlycloudy_day,265.0,day,W,2026-09-27,actual
2026-09-27T10:00:00+03:00,13.0,1.9,4.3,89.1,0.0,0.0,0.0,partlycloudy_day,283.0,day,W,2026-09-27,actual
2026-09-27T11:00:00+03:00,13.8,2.0,4.9,81.4,0.0,0.0,0.0,partlycloudy_day,272.0,day,W,2026-09-27,actual
2026-09-27T12:00:00+03:00,14.2,1.7,4.7,73.6,0.0,0.0,0.0,partlycloudy_day,302.0,day,NW,2026-09-27,actual
2026-09-27T13:00:00+03:00,14.7,1.4,4.0,73.4,0.0,0.0,0.0,partlycloudy_day,332.0,day,NW,2026-09-27,actual
2026-09-27T14:00:00+03:00,14.9,1.4,3.7,72.3,0.0,0.0,0.0,partlycloudy_day,333.0,day,NW,2026-09-27,actual
2026-09-27T15:00:00+03:00,14.9,1.8,4.4,75.0,0.0,0.0,0.0,partlycloudy_day,52.0,day,NE,2026-09-27,actual
2026-09-27T16:00:00+03:00,14.9,1.7,4.4,72.3,0.0,0.0,0.0,partlycloudy_day,69.0,day,E,2026-09-27,actual
2026-09-27T17:00:00+03:00,14.7,1.8,4.2,73.8,0.0,0.0,0.0,partlycloudy_day,79.0,day,E,2026-09-27,actual
2026-09-27T18:00:00+03:00,14.1,1.9,4.1,77.1,0.0,0.0,0.0,fair_day,99.0,day,E,2026-09-27,actual
2026-09-27T19:00:00+03:00,13.1,1.4,3.9,86.3,0.0,0.0,0.0,fair_night,132.0,night,SE,2026-09-27,actual
2026-09-27T20:00:00+03:00,11.6,1.0,2.7,96.7,0.0,0.0,0.0,clearsky_night,183.0,night,S,2026-09-27,actual
2026-09-27T21:00:00+03:00,10.7,1.2,2.4,98.5,0.0,0.0,0.0,clearsky_night,198.0,night,S,2026-09-27,actual
2026-09-27T22:00:00+03:00,10.2,1.7,3.4,97.7,0.0,0.0,0.0,clearsky_night,200.0,night,S,2026-09-27,actual
2026-09-27T23:00:00+03:00,9.8,1.6,3.4,97.5,0.0,0.0,0.0,fair_night,205.0,night,SW,2026-09-27,actual
2026-09-28T00:00:00+03:00,9.0,1.3,3.1,99.0,0.0,0.0,0.0,fair_night,215.0,night,SW,2026-09-28,actual
2026-09-28T01:00:00+03:00,8.5,1.2,2.4,99.5,0.0,0.0,0.0,fair_night,211.0,night,SW,2026-09-28,actual
2026-09-28T02:00:00+03:00,8.3,1.3,2.5,99.5,0.0,0.0,0.0,fair_night,210.0,night,SW,2026-09-28,actual
2026-09-28T03:00:00+03:00,8.4,1.3,2.6,99.2,0.0,0.0,0.0,partlycloudy_night,201.0,night,S,2026-09-28,actual
2026-09-28T04:00:00+03:00,9.0,1.5,3.0,98.3,0.0,0.0,0.0,cloudy,189.0,night,S,2026-09-28,actual
2026-09-28T05:00:00+03:00,9.3,1.5,3.1,98.2,0.0,0.0,0.0,partlycloudy_night,183.0,night,S,2026-09-28,actual
2026-09-28T06:00:00+03:00,9.3,1.6,3.2,98.3,0.0,0.0,0.0,partlycloudy_night,177.0,night,S,2026-09-28,actual
2026-09-28T07:00:00+03:00,9.2,1.6,3.2,98.0,0.0,0.0,0.0,partlycloudy_day,172.0,day,S,2026-09-28,actual
2026-09-28T08:00:00+03:00,9.2,1.6,3.2,97.9,0.0,0.0,0.0,partlycloudy_day,181.0,day,S,2026-09-28,actual
2026-09-28T09:00:00+03:00,10.0,1.7,3.6,96.3,0.0,0.0,0.0,partlycloudy_day,180.0,day,S,2026-09-28,actual
2026-09-28T10:00:00+03:00,11.4,2.2,4.7,92.4,0.0,0.0,0.0,partlycloudy_day,173.0,day,S,2026-09-28,actual
2026-09-28T11:00:00+03:00,12.8,2.3,5.2,81.9,0.0,0.0,0.0,clearsky_day,177.0,day,S,2026-09-28,actual
2026-09-28T12:00:00+03:00,14.1,2.7,6.1,75.5,0.0,0.0,0.0,clearsky_day,169.0,day,S,2026-09-28,actual
2026-09-28T13:00:00+03:00,15.3,3.1,7.1,69.7,0.0,0.0,0.0,clearsky_day,167.0,day,S,2026-09-28,actual
2026-09-28T14:00:00+03:00,16.2,3.2,7.8,66.4,0.0,0.0,0.0,clearsky_day,172.0,day,S,2026-09-28,actual
2026-09-28T15:00:00+03:00,16.5,3.5,8.0,66.7,0.0,0.0,0.0,fair_day,170.0,day,S,2026-09-28,actual
2026-09-28T16:00:00+03:00,16.4,3.5,8.0,67.2,0.0,0.0,0.0,fair_day,168.0,day,S,2026-09-28,actual
2026-09-28T17:00:00+03:00,16.1,3.3,7.6,68.6,0.0,0.0,0.0,fair_day,166.0,day,S,2026-09-28,actual
2026-09-28T18:00:00+03:00,15.3,2.8,6.9,73.6,0.0,0.0,0.0,clearsky_day,159.0,day,S,2026-09-28,actual
2026-09-28T19:00:00+03:00,14.0,2.0,5.7,82.6,0.0,0.0,0.0,clearsky_night,151.0,night,SE,2026-09-28,actual
2026-09-28T20:00:00+03:00,12.3,2.0,3.9,90.1,0.0,0.0,0.0,clearsky_night,156.0,night,SE,2026-09-28,actual
2026-09-28T21:00:00+03:00,11.2,2.2,3.9,94.7,0.0,0.0,0.0,clearsky_night,157.0,night,SE,2026-09-28,actual
2026-09-28T22:00:00+03:00,10.8,2.4,4.7,94.6,0.0,0.0,0.0,fair_night,168.0,night,S,2026-09-28,actual
2026-09-28T23:00:00+03:00,10.6,2.0,4.6,95.9,0.0,0.0,0.0,partlycloudy_night,177.0,night,S,2026-09-28,actual
2026-09-29T00:00:00+03:00,10.7,2.5,5.1,94.8,0.0,0.0,0.0,partlycloudy_night,175.0,night,S,2026-09-29,forecast
2026-09-29T01:00:00+03:00,10.9,3.1,6.4,91.3,0.0,0.0,0.0,partlycloudy_night,175.0,night,S,2026-09-29,forecast
2026-09-29T02:00:00+03:00,10.9,3.4,7.0,89.6,0.0,0.0,0.0,partlycloudy_night,174.0,night,S,2026-09-29,forecast
2026-09-29T03:00:00+03:00,10.7,3.6,7.4,89.1,0.0,0.0,0.0,partlycloudy_night,178.0,night,S,2026-09-29,forecast
2026-09-29T04:00:00+03:00,10.5,3.4,7.5,90.1,0.0,0.0,0.0,cloudy,180.0,night,S,2026-09-29,forecast
2026-09-29T05:00:00+03:00,10.4,3.5,7.1,90.8,0.0,0.0,0.0,cloudy,177.0,night,S,2026-09-29,forecast
2026-09-29T06:00:00+03:00,10.4,3.8,7.9,90.8,0.0,0.0,0.0,cloudy,178.0,night,S,2026-09-29,forecast
2026-09-29T07:00:00+03:00,10.3,3.9,8.1,90.5,0.0,0.0,0.0,cloudy,183.0,day,S,2026-09-29,forecast
2026-09-29T08:00:00+03:00,10.2,3.9,8.1,91.0,0.0,0.0,0.0,cloudy,184.0,day,S,2026-09-29,forecast
2026-09-29T09:00:00+03:00,10.7,3.9,8.1,89.3,0.0,0.0,0.0,cloudy,186.0,day,S,2026-09-29,forecast
2026-09-29T10:00:00+03:00,11.7,3.9,8.5,86.4,0.0,0.0,0.0,cloudy,190.0,day,S,2026-09-29,forecast
2026-09-29T11:00:00+03:00,12.4,3.4,7.4,87.9,0.0,0.0,0.0,cloudy,193.0,day,S,2026-09-29,forecast
2026-09-29T12:00:00+03:00,12.9,3.4,7.2,87.1,0.0,0.0,0.0,cloudy,192.0,day,S,2026-09-29,forecast
2026-09-29T13:00:00+03:00,13.3,3.4,7.1,87.7,0.0,0.0,0.0,cloudy,192.0,day,S,2026-09-29,forecast
2026-09-29T14:00:00+03:00,14.0,3.5,7.4,85.1,0.0,0.0,0.0,cloudy,195.0,day,S,2026-09-29,forecast
2026-09-29T15:00:00+03:00,15.3,3.2,7.5,79.4,0.0,0.2,0.0,cloudy,203.0,day,SW,2026-09-29,forecast
2026-09-29T16:00:00+03:00,15.7,3.1,6.9,79.7,0.0,0.6,0.0,cloudy,205.0,day,SW,2026-09-29,forecast
2026-09-29T17:00:00+03:00,15.8,3.0,6.5,80.8,0.0,0.0,0.0,cloudy,205.0,day,SW,2026-09-29,forecast
2026-09-29T18:00:00+03:00,15.4,2.8,6.2,82.7,0.0,0.0,0.0,cloudy,206.0,day,SW,2026-09-29,forecast
2026-09-29T19:00:00+03:00,14.4,1.7,5.9,87.9,0.0,0.0,0.0,cloudy,212.0,night,SW,2026-09-29,forecast
2026-09-29T20:00:00+03:00,13.4,1.5,3.5,93.3,0.0,0.0,0.0,partlycloudy_night,221.0,night,SW,2026-09-29,forecast
2026-09-29T21:00:00+03:00,12.6,0.8,3.0,97.6,0.0,0.0,0.0,partlycloudy_night,214.0,night,SW,2026-09-29,forecast
2026-09-29T22:00:00+03:00,12.3,1.1,2.3,98.7,0.0,0.0,0.0,cloudy,208.0,night,SW,2026-09-29,forecast
2026-09-29T23:00:00+03:00,11.8,0.7,2.2,99.5,0.0,0.0,0.0,partlycloudy_night,228.0,night,SW,2026-09-29,forecast
2026-09-30T00:00:00+03:00,11.7,0.8,1.7,99.7,0.0,0.0,0.0,cloudy,181.0,night,S,2026-09-30,forecast
2026-09-30T01:00:00+03:00,11.7,0.7,1.7,99.8,0.0,0.0,0.0,cloudy,160.0,night,S,2026-09-30,forecast
2026-09-30T02:00:00+03:00,11.6,0.5,1.7,99.0,0.0,0.0,0.0,cloudy,201.0,night,S,2026-09-30,forecast
2026-09-30T03:00:00+03:00,11.5,1.0,1.9,98.3,0.0,0.0,0.0,cloudy,190.0,night,S,2026-09-30,forecast
2026-09-30T04:00:00+03:00,11.5,0.5,1.9,98.4,0.0,0.0,0.0,cloudy,222.0,night,SW,2026-09-30,forecast
2026-09-30T05:00:00+03:00,11.6,0.5,1.3,99.6,0.0,0.0,0.0,cloudy,6.0,night,N,2026-09-30,forecast
2026-09-30T06:00:00+03:00,11.5,0.9,1.7,99.4,0.0,0.0,0.0,cloudy,221.0,night,SW,2026-09-30,forecast
2026-09-30T07:00:00+03:00,11.4,0.9,2.0,99.6,0.0,0.0,0.0,cloudy,198.0,day,S,2026-09-30,forecast
2026-09-30T08:00:00+03:00,11.5,0.6,1.6,99.3,0.0,0.0,0.0,cloudy,221.0,day,SW,2026-09-30,forecast
2026-09-30T09:00:00+03:00,12.1,0.7,1.7,97.0,0.0,0.0,0.0,cloudy,203.0,day,SW,2026-09-30,forecast
2026-09-30T10:00:00+03:00,13.1,0.8,1.6,92.6,0.0,0.3,0.0,cloudy,138.0,day,SE,2026-09-30,forecast
2026-09-30T11:00:00+03:00,14.1,0.8,2.0,87.9,0.0,0.0,0.0,cloudy,131.0,day,SE,2026-09-30,forecast
2026-09-30T12:00:00+03:00,14.6,0.9,1.7,91.3,0.0,0.0,0.0,cloudy,137.0,day,SE,2026-09-30,forecast
2026-09-30T13:00:00+03:00,15.3,0.9,2.2,86.0,0.0,0.0,0.0,cloudy,160.0,day,S,2026-09-30,forecast
2026-09-30T14:00:00+03:00,15.6,1.2,2.7,85.3,0.0,0.0,0.0,cloudy,128.0,day,SE,2026-09-30,forecast
2026-09-30T15:00:00+03:00,15.6,0.6,2.6,85.3,0.0,0.0,0.0,cloudy,118.0,day,SE,2026-09-30,forecast
2026-09-30T16:00:00+03:00,15.5,1.6,3.4,87.6,0.0,0.0,0.0,cloudy,123.0,day,SE,2026-09-30,forecast
2026-09-30T17:00:00+03:00,15.4,0.4,3.1,92.9,0.0,0.0,0.0,cloudy,125.0,day,SE,2026-09-30,forecast
2026-09-30T18:00:00+03:00,15.2,0.9,1.6,96.5,0.0,0.0,0.0,cloudy,117.0,day,SE,2026-09-30,forecast
2026-09-30T19:00:00+03:00,14.6,0.9,1.8,98.5,0.0,0.0,0.0,cloudy,25.0,night,NE,2026-09-30,forecast
2026-09-30T20:00:00+03:00,14.0,0.8,1.7,99.2,0.0,0.0,0.0,cloudy,52.0,night,NE,2026-09-30,forecast
2026-09-30T21:00:00+03:00,13.9,1.6,2.9,98.8,0.0,0.0,0.0,cloudy,44.0,night,NE,2026-09-30,forecast
2026-09-30T22:00:00+03:00,13.8,1.3,3.5,98.3,0.0,0.0,0.0,cloudy,97.0,night,E,2026-09-30,forecast
2026-09-30T23:00:00+03:00,13.2,0.7,2.4,99.5,0.0,0.0,0.0,cloudy,187.0,night,S,2026-09-30,forecast
2026-10-01T00:00:00+03:00,12.7,0.9,1.8,99.6,0.0,0.0,0.0,cloudy,154.0,night,SE,2026-10-01,forecast
2026-10-01T01:00:00+03:00,12.5,1.4,2.7,98.8,0.0,0.0,0.0,cloudy,147.0,night,SE,2026-10-01,forecast
2026-10-01T02:00:00+03:00,12.4,2.0,4.0,96.1,0.0,0.0,0.0,cloudy,162.0,night,S,2026-10-01,forecast
2026-10-01T03:00:00+03:00,12.3,1.7,4.2,97.0,0.0,0.0,0.0,partlycloudy_night,170.0,night,S,2026-10-01,forecast
2026-10-01T04:00:00+03:00,12.1,1.7,3.6,98.1,0.0,0.0,0.0,cloudy,162.0,night,S,2026-10-01,forecast
2026-10-01T05:00:00+03:00,12.0,1.7,3.6,98.9,0.0,0.0,0.0,cloudy,139.0,night,SE,2026-10-01,forecast
2026-10-01T06:00:00+03:00,11.9,2.0,4.3,98.7,0.0,0.0,0.0,partlycloudy_night,121.0,night,SE,2026-10-01,forecast
2026-10-01T07:00:00+03:00,11.6,2.2,4.3,98.6,0.0,0.0,0.0,partlycloudy_night,115.0,day,SE,2026-10-01,forecast
2026-10-01T08:00:00+03:00,11.4,2.4,4.8,98.4,0.0,0.0,0.0,fair_day,139.0,day,SE,2026-10-01,forecast
2026-10-01T09:00:00+03:00,11.7,2.1,5.1,95.6,0.0,0.0,0.0,fair_day,153.0,day,SE,2026-10-01,forecast
2026-10-01T10:00:00+03:00,12.3,2.9,6.1,90.1,0.0,0.0,0.0,partlycloudy_day,134.0,day,SE,2026-10-01,forecast
2026-10-01T11:00:00+03:00,13.4,2.6,6.3,83.5,0.0,0.0,0.0,partlycloudy_day,143.0,day,SE,2026-10-01,forecast
2026-10-01T12:00:00+03:00,14.4,2.3,5.9,77.3,0.0,0.0,0.0,fair_day,146.0,day,SE,2026-10-01,forecast
2026-10-01T13:00:00+03:00,15.0,2.9,6.3,72.8,0.0,0.0,0.0,fair_day,129.0,day,SE,2026-10-01,forecast
2026-10-01T14:00:00+03:00,15.1,3.9,8.1,73.8,0.0,0.0,0.0,fair_day,95.0,day,E,2026-10-01,forecast
2026-10-01T15:00:00+03:00,15.2,4.1,8.4,75.3,0.0,0.0,0.0,,86.0,day,E,2026-10-01,forecast
2026-10-01T21:00:00+03:00,14.4,2.0,0.0,83.9,0.0,0.0,0.0,,154.7,night,SE,2026-10-01,forecast
2026-10-02T03:00:00+03:00,10.9,2.2,0.0,91.2,0.0,0.0,0.0,,170.1,night,S,2026-10-02,forecast
2026-10-02T09:00:00+03:00,9.1,1.9,0.0,93.1,0.0,0.0,0.0,,171.6,day,S,2026-10-02,forecast
2026-10-02T15:00:00+03:00,18.0,1.8,0.0,66.6,0.0,0.0,0.0,,166.4,day,S,2026-10-02,forecast
2026-10-02T21:00:00+03:00,12.7,2.0,0.0,83.8,0.0,0.0,0.0,,169.6,night,S,2026-10-02,forecast
2026-10-03T03:00:00+03:00,9.0,1.8,0.0,92.0,0.0,0.0,0.0,,196.8,night,S,2026-10-03,forecast
2026-10-03T09:00:00+03:00,8.0,2.2,0.0,93.1,0.0,0.0,0.0,,193.7,day,S,2026-10-03,forecast
2026-10-03T15:00:00+03:00,17.8,1.9,0.0,68.5,0.0,0.0,0.0,,197.5,day,S,2026-10-03,forecast
2026-10-03T21:00:00+03:00,12.5,2.3,0.0,83.0,0.0,0.0,0.0,,200.1,night,S,2026-10-03,forecast
2026-10-04T03:00:00+03:00,10.3,2.2,0.0,93.5,0.0,0.0,0.0,,207.5,night,SW,2026-10-04,forecast
2026-10-04T09:00:00+03:00,10.7,2.4,0.0,93.5,0.0,0.0,0.0,,239.7,day,SW,2026-10-04,forecast
2026-10-04T15:00:00+03:00,16.7,2.4,0.0,69.8,0.0,0.0,0.0,,247.3,day,SW,2026-10-04,forecast
2026-10-04T21:00:00+03:00,12.2,2.8,0.0,87.1,0.0,0.0,0.0,,250.0,night,W,2026-10-04,forecast
2026-10-05T03:00:00+03:00,10.2,2.9,0.0,94.4,0.0,0.0,0.0,,241.9,night,SW,2026-10-05,forecast
2026-10-05T09:00:00+03:00,11.0,3.4,0.0,92.6,0.0,0.0,0.0,,239.2,day,SW,2026-10-05,forecast
2026-10-05T15:00:00+03:00,15.6,4.0,0.0,73.1,0.0,0.0,0.0,,246.5,day,SW,2026-10-05,forecast
2026-10-05T21:00:00+03:00,12.3,3.7,0.0,87.1,0.0,0.0,0.0,,245.8,night,SW,2026-10-05,forecast
